Species,Correction
acer platanoïdes,acer platanoides
acer barbatum,acer saccharum
acer ginnala,acer tataricum
acer keithsform,acer truncatum
acer norwegian,acer truncatum
acer pacific,acer truncatum
acer freemanii,acer x freemanii
aesculus octandra,aesculus flava
aesculus arguta,aesculus glabra
aesculus homestead,aesculus 'homestead'
aesculus autumn,aesculus x arnoldiana
aesculus arnoldiana,aesculus x arnoldiana
aesculus prairie,aesculus x 'bergeson'
aesculus briottii,aesculus x carnea
aesculus carnea,aesculus x carnea
aesculus hybrida,aesculus x hybrida
alnus crispa,alnus alnobetula
alnus rugosa,alnus incana
alnus spaethii,alnus x spaethii
amelanchier alba,amelanchier arborea
amelanchier autumn,amelanchier x lamarckii
amelanchier hybrid,amelanchier x lamarckii
amelanchier grandiflora,amelanchier x lamarckii
sorbus aria,aria edulis
betula fontinalis,betula occidentalis
betula neoalaskana,betula pendula
betula platyphylla,betula pendula
betula alba,betula pubescens
betula grandiflora,betula 'royal frost'
betula royal,betula 'royal frost'
betula x grandiflora,betula 'royal frost'
betula albosinensis,betula utilis
betula jacquemontii,betula utilis
Chamaecyparis nootkatensis,callitropsis nootkatensis
cupressus nootkatensis,callitropsis nootkatensis
picea nootkatensis,callitropsis nootkatensis
xanthocyparis nootkatensis,callitropsis nootkatensis
catalpa hybrida,catalpa x erubescens
catalpa erubescens,catalpa x erubescens
calocedrus deodara,cedrus deodara
celtis magnifica,celtis occidentalis
chamaecyparis gracilis,chamaecyparis obtusa
cladrastis lutea,cladrastis kentukea
sorbus domestica,cormus domestica
cornus eddies,cornus 'eddies white wonder'
cornus venus,cornus 'kn30 8'
cornus starlight,cornus kousa
cornus aurora,cornus 'rutban'
cornus celestial,cornus 'rutdan'
corylus contorta,corylus avellana
crataegus crus,crataegus crus-galli
crataegus arnoldiana,crataegus holmesiana
crataegus leavigata,crataegus laevigata
crataegus oxyacantha,crataegus monogyna
crataegus canadensis,crataegus submollis
crataegus vaughn,crataegus 'vaughn'
crataegus grignonensis,crataegus x grignonensis
crataegus lavalleei,crataegus x lavalleei
crataegus mordensis,crataegus x mordenensis
crataegus toba,crataegus x mordenensis
crataegus mordenensis,crataegus x mordenensis
spathodea alba,dolichandrone alba
eucommia ulmoïdes,eucommia ulmoides
euonymus altus,euonymus alatus
frangula frangula,frangula alnus
rhamnus frangula,frangula alnus
rhamnus purshiana,frangula purshiana
fraxinus oxycarpa,fraxinus angustifolia
fraxinus grandifolia,fraxinus excelsior
fraxinus northern,fraxinus 'northern treasure'
fraxinus holotricha,fraxinus pallisiae
fraxinus rubra,fraxinus pennsylvanica
ginkgo spp.,ginkgo biloba
gleditsia inermis,gleditsia aquatica
gymnocladus espresso,gymnocladus dioicus
hamamelis intermedia,hamamelis x intermedia
hamamelis intermedia,hamamelis x intermedia
sorbus hybrida,hedlundia hybrida
cupressus arizonica,hesperocyparis arizonica
cupressus glabra,hesperocyparis glabra
cupressus macrocarpa,hesperocyparis macrocarpa
cupressocyparis leylandii,hesperotropsis leylandii
juglans mandshuricavar.sachalinensis,juglans mandshurica
lagerstroemia tuscaro,lagerstroemia indica
larix leptolepis,larix kaempferi
larix marschlinsii,larix x marschlinsii
malus tchonoski,macromeles tschonoskii
magnolia rustica,magnolia acuminata
magnolia apollo,magnolia 'apollo'
magnolia athene,magnolia 'athene'
magnolia big,magnolia 'big dude'
magnolia blushing,magnolia 'blushing belle'
magnolia butterflies,magnolia 'butterflies'
magnolia caerhays,magnolia 'caerhays belle'
magnolia cameo,magnolia 'cameo'
magnolia lanarth,magnolia campbellii
magnolia charles,magnolia 'charles coates'
magnolia cleopatra,magnolia 'cleopatra'
magnolia daybreak,magnolia 'daybreak'
magnolia elizabeth,magnolia 'elizabeth'
magnolia galaxy,magnolia 'galaxy'
magnolia gold,magnolia 'gold star'
magnolia iolanthe,magnolia 'iolanthe'
magnolia serene,magnolia 'serene'
magnolia sunsation,magnolia 'sunsation'
magnolia vulcan,magnolia 'vulcan'
magnolia brooklynensis,magnolia x brooklynensis
magnolia yellow,magnolia x brooklynensis
magnolia kewensis,magnolia x kewensis
magnolia loebneri,magnolia x loebneri
magnolia purple,magnolia x soulangeana
magnolia soulangiana,magnolia x soulangeana
magnolia soulangeana,magnolia x soulangeana
magnolia veitchii,magnolia x veitchii
malus adams,malus 'adams'
malus adirondack,malus 'adirondack'
malus american,malus 'amerspirzam'
malus rosthern,malus baccata
malus baccata 'rosthern',malus baccata
malus battleford,malus 'battleford'
malus big,malus 'big river'
malus brandywine,malus 'branzam'
malus centennial,malus 'centennial'
malus centurion,malus 'centurion'
malus coutabri,malus 'coutabri'
malus cowichan,malus 'cowichan'
malus dolgo,malus 'dolgo'
malus autumn,malus domestica
malus communis,malus domestica
malus honey,malus domestica
malus honeycrisp,malus domestica
malus pendula,malus domestica
malus pumila,malus domestica
malus dreamweaver,malus 'dreamweaver'
malus durlawrence,malus 'durlawrence'
malus echtermeyer,malus 'echtermeyer'
malus evereste,malus 'evereste'
malus fall,malus 'fall red'
malus diversifolia,malus fusca
malus goodland,malus 'goodland'
malus hari-mac,malus 'hardi-mac'
malus harvest,malus 'hargozam'
malus heyer#12,malus 'heyer #12'
malus hopa,malus 'hopa'
malus indian,malus 'indian magic'
malus prairie,malus ioensis
malus royal,malus 'jfs-kw5'
malus john,malus 'john downie'
malus kelsey,malus 'kelsey'
malus ‘makamik’,malus 'makamik'
malus makamik,malus 'makamik'
malus naragansett,malus 'narragansett'
malus norland,malus 'norland'
malus parkland,malus 'parkland'
malus prairifire,malus 'prairifire'
malus purple,malus 'purple prince'
malus radiant,malus 'radiant'
malus red,malus 'red'
malus rescue,malus 'rescue'
malus rinki,malus 'rinki'
malus robinson,malus 'robinson'
malus rosseau,malus 'rosseau'
malus royalty,malus 'royalty'
malus rudolph,malus 'rudolph'
malus scarlett,malus 'scarlett'
malus selkirk,malus 'selkirk'
malus september,malus 'september ruby'
malus snowcap,malus 'snowcap'
malus snowcloud,malus 'snowcloud'
malus snowdrift,malus 'snowdrift'
malus apple,malus spp
malus crabapple,malus spp.
malus spring,malus 'spring snow'
malus springsnow,malus 'spring snow'
malus strathmore,malus 'strathmore'
malus sugar,malus 'sutyzam'
malus thunder,malus 'thunderchild'
malus thunderchild,malus 'thunderchild'
malus sargentii,malus toringo
malus golden,malus transitoria
malus velvet,malus 'velvet pillar'
malus white,malus 'white angel'
malus winter,malus 'winter gold'
malus almey,malus x adstringens
malus emerald,malus x adstringens
malus jefgreen,malus x adstringens
malus jefspire,malus x adstringens
malus x 'jefgreen',malus x adstringens
malus adstringens,malus x adstringens
malus eleyi,malus x eleyi
malus floribunda,malus x floribunda
malus jefdale,malus x 'jefdale'
malus jeflite,malus x 'jeflite'
malus jefstar,malus x 'jeflite'
malus x 'jefstar',malus x 'jeflite'
malus micromalus,malus x kaido
malus madonna,malus x 'mazam'
malus liset,malus x purpurea
malus mathewsii,malus x purpurea
malus moerlandsii,malus x purpurea
malus profusion,malus x purpurea
malus purpurea,malus x purpurea
malus robusta,malus x robusta
malus jade,malus x scheideckeri
malus zumi,malus x zumi
sorbus alnifolia,micromeles alnifolia
missing spp.,missing
phellodendron phellodendron,phellodendron spp.
picea glauca,picea laxa
pinus griffithii,pinus wallichiana
platanus acerifolia,platanus x hispanica
platanus hybrida,platanus x hispanica
platanus hispanica,platanus x hispanica
thuja orientalis,platycladus orientalis
populus 915508,populus '915508'
populus acws151,populus 'acws151'
populus brooks,populus 'brooks #6'
populus byland,populus 'byland green'
populus sargentii,populus deltoides
populus grandidentatata,populus grandidentata
populus trichocarpa,populus tristis
populus okanese,populus x ‘okanese’
populus assiniboine,populus x assiniboine
populus petrowskyana,populus x berolinensis
populus berolinensis,populus x berolinensis
populus prairie,populus x canadensis
populus tower,populus x canescens
populus canadensis,populus x canescens
populus canescens,populus x canescens
populus jackii,populus x ontariensis
populus northwest,populus x ontariensis
prunus accolade,prunus 'accolade'
prunus sweetheart,prunus avium
prunus kanzan,prunus 'kanzan'
prunus ming,prunus maackii
prunus pembina,prunus 'pembina'
prunus communis,prunus spinosa
prunus blireana,prunus x blireana
prunus cistena,prunus x cistena
prunus kerrasis,prunus x kerrasis
prunus muckle,prunus x nigrella
prunus nigrella,prunus x nigrella
prunus subhirtella,prunus x subhirtella
prunus yedoensis,prunus x yedoensis
pyrus fauriei,pyrus calleryana
pyrus kawakamii,pyrus calleryana
pyrus bartlett,pyrus communis
pyrus durpsn302,pyrus x 'durpsn302'
pyrus durpsn303,pyrus x 'durpsn303'
pyrus navigator,pyrus x 'durpsn303'
pyrus ure,pyrus x 'ure'
quercus gambeii,quercus gambelii
quercus prinus,quercus michauxii
quercus atwood,quercus robur x macrocarpa
quercus jordan,quercus robur x macrocarpa
quercus heritage,quercus suber
quercus crimschmidt,quercus x bimundorum
quercus streetspire,quercus x bimundorum
quercus bimundorum,quercus x bimundorum
quercus clemons,quercus x macdanielii
quercus macdanielii,quercus x macdanielii
quercus turneri,quercus x turneri
quercus kindred,quercus x warei
quercus regal,quercus x warei
quercus warei,quercus x warei
rhododendron westons,rhododendron 'weston's aglo'
rhododendron 'westen's aglo',rhododendron 'weston's aglo'
rhus lanceolata,rhus copallinum
rhus hirta,rhus typhina
robinia idahoensis,robinia x ambigua
salix amygdalioides,salix amygdaloides
salix matsudana,salix babylonica
salix chrysocoma,salix x pendulina
salix sepulcralis,salix x pendulina
sorbus intermedia,scandosorbus intermedia
Sorbus aucuparia var. xanthocarpa,sorbus aucuparia
sorbus xanthocarpa,sorbus aucuparia
sorbus tianshanica,sorbus tianschanica
stewartia koreana,stewartia pseudocamellia
sophora japonica,styphnolobium japonicum
symphoricarpos mexicanus,symphoricarpos microphyllus
syringa chinensis,syringa oblata
syringa meyeri,syringa pubescens
syringa james,syringa x prestoniae
syringa minuet,syringa x prestoniae
taxodium ascendens,taxodium distichum
tilia euchlora,tilia x euchlora
tilia europaea,tilia x europea
tilia flavescens,tilia x flavescens
ulmus cathedral,ulmus 'cathedral'
ulmus davidii,ulmus davidiana
ulmus propinqua,ulmus davidiana
ulmus prospector,ulmus davidiana
ulmus wilsoniana,ulmus davidiana
ulmus frontier,ulmus 'frontier'
ulmus homestead,ulmus 'homestead'
ulmus carpinifolia,ulmus minor
ulmus procera,ulmus minor
ulmus accolade,ulmus 'morton'
ulmus morton,ulmus 'morton'
ulmus triumph,ulmus 'morton glossy'
ulmus danada,ulmus 'morton red tip'
ulmus commendation,ulmus 'morton stalwart'
ulmus new,ulmus 'new horizon'
ulmus patriot,ulmus 'patriot'
ulmus sapporo,ulmus 'sapporo autumn gold'
ulmus pioneer,ulmus x hollandica
ulmus hollandica,ulmus x hollandica
sorbus thuringiaca,x arsorbus thuringiaca
chitalpa tashkentensis,x chitalpa tashkentensis
chitalpa tashkentensis,x chitalpa tashkentensis
cupressus leylandii,x hesperotropsis leylandii
